{"version":2,"hash":{"type":"Buffer","data":"rE/Wdl7DTP/5kPN8l136AxyRqpPGDUpPcN+iJelCXvV4/1pN+jVPh2jw35rPgHnJg7r0AC/mReMEKPjCPcSwqhVgfakPLSOBfwVqchzLOkUYjCZdcqTDi+jBFq1IQYtOEpIBAGjF/b3sYFN1wX+3Vlp2IQ6frxdaUkB/elofRB4="},"indexValueMap":{"OyxLOUjbh3Rnm92SXkzHHSyIF+cZMaLR4ChJJpR8OlU=":{"valueMac":{"type":"Buffer","data":"OalbI6dtPPkHujKUDO5eAU4/D4GVT5NFpv3PZK0dkB0="}},"7XOspoMDFq9Dvyx2oojfm2ojXOPuUadM9dgtyzbPPKo=":{"valueMac":{"type":"Buffer","data":"e2m5DAgBA/dlSyd3EAa6F5m7nG2Mg99/3FLmwqX2kfg="}},"VFICQznCzEwoPM40eFYBBPlFkA+IEMAS+68V2V7xi+U=":{"valueMac":{"type":"Buffer","data":"Won3EGwi1CnVQbnv5PgUoQ6mZf0za8mHBI5krggR/U4="}},"qdutV+WYCzr1ApP+U9vW8WndwvFo4MpCUEyAbHvwAwg=":{"valueMac":{"type":"Buffer","data":"35m9aBZgxZt4HRlLvp9Z95BKXga9r1skUtvTIrGLXa0="}},"UC8Omy61xfU/HK158bLw9iTx34teGidXW8GGCI8hjpw=":{"valueMac":{"type":"Buffer","data":"NPseOMtj7HDBEMk/7mXhxj7Uzql53Wv5W9T1YWc8FPs="}},"2LkWYBSyMHRKMF8Gc8L9wzMcebH0ebhHpKBDhXF/dzQ=":{"valueMac":{"type":"Buffer","data":"i9SRmvHKV9x8og7OdLfh/ERrLUhmVt427NUFOMt0H0o="}},"z9mC//LJ1Lj/AItoLk8RzRnSbgJvywIXFfpKHxpismM=":{"valueMac":{"type":"Buffer","data":"lmR3SDXishzKbK9P3MvycZNkFDexFdcib3M4XwXCR7U="}},"xIImprXKOuDDNGQOXVa9a4B/Mm5CZXjACUzydNQuY9s=":{"valueMac":{"type":"Buffer","data":"kmlaK76Geugq7JCIoMX5DpYI3nN8jgdk3pE1jI03eVs="}},"Ea3ITx5VeiSUGD4gnPblaEFp1YxSY9myEHsOLDwW/+Y=":{"valueMac":{"type":"Buffer","data":"3+Zm1C4XdvPArSCPwSvMTzk9eHeqxapU8l9l1zCvLuo="}},"vpTEWk/IXpZ4hVyptTU1HpvNy1G6WUGj8Au+68qQqzM=":{"valueMac":{"type":"Buffer","data":"hmBvyEBSX9hBgxwMAi+G4w9M+G6NiWn1fHc9r6nLk4s="}},"+HL/ZTOLxLKEwQBmW6af8Lxir+pIQ24RLoLR4IcJL38=":{"valueMac":{"type":"Buffer","data":"WlQYEO5xHsa+tf5p1Cm/65zxJ81d2Y09GzseuSB8gS0="}},"riOPcKg7yJ26XcayO0BfKxC4nRy9TpFMLzgjiM6Fhu0=":{"valueMac":{"type":"Buffer","data":"1CnHUCkLJ+nzoBDAeB/RF5fVIeQ/KMtGgfZX5Lf0h2U="}},"ReuDOFvQXRSgsVtPcfsTEoisZKE5NPPrOYbtzvt9O+c=":{"valueMac":{"type":"Buffer","data":"RsZ6k4cA3QpMJLXlxCo5gGTXtiX1Nsa9x/+Ydlbq+78="}},"fsmZRjT0FXA+A9puyIr0F8MeyK2km+gq/IwX0xOy5bE=":{"valueMac":{"type":"Buffer","data":"Um+po/JSFcubiWeoNKiek35YmwxXKGuoC46NrcQI1pw="}},"1im+utnteZGqT4aJ54rCBKWxnc01fU2z6JEUyybfOv4=":{"valueMac":{"type":"Buffer","data":"tB6U5LMPA7pqU1sMf9zoc/msIGpK75fICa76Q6gSHBY="}},"vo/O1YKkUYJRrM/9b+ZmatNlIsYDxoKRyhuPr9QHQos=":{"valueMac":{"type":"Buffer","data":"M6lfBp8isojOTRNFxwyzcS26VjiQZSxd53NAaSozDQU="}},"qwqWaSQmL+8YvGbDY71dRpDqGlWpgsnjr8U//iHuaBA=":{"valueMac":{"type":"Buffer","data":"/MQkptjDt9fR/36wVU8cgVEEezlsoyUsKUaPrHLDtr8="}},"ZjQAefD5TWT+8flqwVL36QCq+8ZsQw8ugi4FKA4WuHw=":{"valueMac":{"type":"Buffer","data":"68q1NNJnydYjBuirXsUlX+40GEEOTROs5iPbgdh9dVM="}},"sCYARb5WZIQUybLNueonpj7o54QepkX1jPvTCh7SKgk=":{"valueMac":{"type":"Buffer","data":"YdrpjuTDatLR1vNVK0/C+YDjap8CJxk3mFU0OBj1XEs="}},"6w9LWKjJ3aIM+jfhLVDsMKmsjaYfXE88TE1vMaoaec0=":{"valueMac":{"type":"Buffer","data":"9CsJg2RY7GwoYdmtS71nuX9qRkNGDhXGkS1nL7BtIrQ="}},"R2jRO0uhEYm6J+j909F4BmVmHL5IXwYyANk/6/FuYQU=":{"valueMac":{"type":"Buffer","data":"5LSGo6fyhG4Cs9H3Cz9wfc8HP12HkyEiex0BSQDuVj0="}},"IP1PdRHgEMLwbqtVJaf4HcaRjdMem3lGvWEj5P67fRQ=":{"valueMac":{"type":"Buffer","data":"HgVi1Q5GZKVFaX8EG2WRD6AikbMZidWo+S5y0dBoMFs="}},"ijtNjRrS1yfl8nCkOB7mDo5lhdCk1AhC5Jokkl93H5A=":{"valueMac":{"type":"Buffer","data":"j+0QQG5gET4Kp29oZ8n1PldogMfGlHVoNXuWIeBvQRI="}},"sJX/rrCex8mKztH5eEc7fAVy7WDpghbdngBqymfNYgQ=":{"valueMac":{"type":"Buffer","data":"aUKQdR9gHBo3r0ri/5WdRJ7gbWdZsr3i3rb361aCJsg="}},"h8rojyk+TtzqisIG5U2BxVnhSintWHfEeDI+KJQjXjg=":{"valueMac":{"type":"Buffer","data":"ruYCccXrIfGWYg2Tl1uYHz3WwLDuo0F94q9CeAqANuU="}},"sNlotBAql+aZdz7Wi4+3QtWiqF/IyIX803QnSq9/DNc=":{"valueMac":{"type":"Buffer","data":"kCSIAmAyiVaSkttgfnThqJLuxLAD1jpI+jBjIs4Jg5k="}},"uoN2lKRqJ9W3tHvcZS1JPBQcq1qaATR1kBF6ytd1Cwo=":{"valueMac":{"type":"Buffer","data":"N7v/byPTGrR20skkrlXz2Zs/hb3A0zbu76P3wDubhCo="}},"wma3GV6JZmHqDMAbH/WwaSOqbVpCRWTyw+lddCYjlXs=":{"valueMac":{"type":"Buffer","data":"ri9HV7zSzPbuXX6y86KsiPBe+EE+YmLaeT2X9BPMYRE="}},"JNLkgrlaxEFTHkxAge1SKkwyr6HmsvV/SP38idcsX38=":{"valueMac":{"type":"Buffer","data":"ht7ekMZSf33Ee0fBWwRj8If0O/rKaXziOp4zU3cseY4="}},"MLOnxLPcteVAJ/mb0flWowQfpr6aiRhzVggiOFHqJJ8=":{"valueMac":{"type":"Buffer","data":"2ikB5+DLApiUX9XRU3uZrn24BQ++UJ469H5fvj4NWn0="}},"oZzAJr8Mgubl1jeg/IR6RtXFizcGVS+EofISCdzVHkQ=":{"valueMac":{"type":"Buffer","data":"Rc+hnns3G7M97OhKJF4bLwPR5Ncs7zHWAjYxctXoOZo="}},"Bj2HpD0haaVpmObSXSZwtTDQlozt8DthHhFYZXiomFA=":{"valueMac":{"type":"Buffer","data":"6Yn6ILU6dZbbXFGQtUf4C/08WWho9FP2cSDJWyDv8Ps="}},"SiRVO70O5hxzmqLer5PhvsbQDSswV4lThXxHnTapIL8=":{"valueMac":{"type":"Buffer","data":"UD0LtkQ1RAi16iODAteAD7abrRQbF0yTWJcBFl73FfI="}},"QGZ7inLbGQX3UCTjnTphv3fP1AiodQ3xi0zD4cWDuN8=":{"valueMac":{"type":"Buffer","data":"g8lSvA2/KxM7LYNlWauv8vZksiSzr9+7zrGSYMfTtzU="}},"B0bi5XrdwZWEjRc91X7xOo4ib3F/jRMm4hh+2mq3kes=":{"valueMac":{"type":"Buffer","data":"dfj6VLXivtUyG8wqRZLju5Oz5xzCOQsJHD+nr89OVeM="}},"2ZjugVjMO74k295VyTbhZ+WZ17KE7T1MoBu40W+fi2M=":{"valueMac":{"type":"Buffer","data":"qySgOpICOziO5zRmDDPDt9w5oJOvlYGMoAxXfCOPxAQ="}},"S4QW3nG6cJ3MqBAW8QOcK6h2uh1x1uVQ294chJZAwpc=":{"valueMac":{"type":"Buffer","data":"xNjBP8avcALYh3rIzCMKzisvzjLlM2UgzpDzrn2G6MA="}},"vC3vgmyN0WP697eTpeN6ZLD5sdL03ilLuRXy1tQ69nY=":{"valueMac":{"type":"Buffer","data":"J6Xz7CWfua/g8V+HfIwmZfzBGCDE4pUWfEjANew7kkU="}},"TRc8eahZHQR/5elXKfzsfWmLrw5rdEPWjsECQSwk0dA=":{"valueMac":{"type":"Buffer","data":"wtU+tTG+cQMgSV34GIAei0kscOEd+wOlB31t5oaVbew="}},"izGeelbzIw5VlbFd9NwZHgKTBCuAqgfcISocCrLMUQw=":{"valueMac":{"type":"Buffer","data":"+10Gh32fWzPewFEnD3MVnftD3gsNCwO5ETV44GlS4RM="}},"er2QQziPb/CfdPC3zCGPd1VydAX+MUPpFzjEawClVcE=":{"valueMac":{"type":"Buffer","data":"anUlzS1CUgb1vl8Buf8jt20cXk6ujBELJx+iZmH6Nvc="}},"dNI16t2+TJIxCtYLDSnpLpDrgcrwViBfzoq1skoOhz4=":{"valueMac":{"type":"Buffer","data":"skTbEvCDltyBOC7MKSXTfY7c8zGZP8ZQrkpgR34+xRo="}},"10jIJlEEi6ST+w1zcrxrPHBRqutqRBr6qysmJ40ULLU=":{"valueMac":{"type":"Buffer","data":"WEn7NWvgdY25I0Dkkuh/Y6AeN2srE8awE3JuD8rhe+A="}},"es+ZP2r3lvmVTEFeem5R7q8+MEM4NiOaHRDInQqXY8c=":{"valueMac":{"type":"Buffer","data":"eYqUc3v0LQQsTZ2nBGP0NsMCc81UtU4l7wF4OjZ3LUA="}},"kt2AO4mCCQNMR40m1NRMa3aWx3eiGNAg1MCUDSr1ilQ=":{"valueMac":{"type":"Buffer","data":"jLMApVvR50VdRUgesarfWqb/EenQ4J9L8sLsI7EwtO0="}},"TEv9ViaybU0XPtx1pJrmX+SMVY6JpRRhUnn/4ORvMU0=":{"valueMac":{"type":"Buffer","data":"zAl/IJRxVVpR0cMmji9HeUTCJOQLVuGOct+ylVaYqNY="}},"Ils7+n6namXTeTwSWSkgkw0BYNaxe4g3mg5KJ/xXz4I=":{"valueMac":{"type":"Buffer","data":"KaASmVeqj75oolgi9SxImQJTSHE/k34cKQDyevPkvQU="}},"sXkvZdpc2xIQYaMiqJUG5JGbUTWzVEfQic2XvPoAGRQ=":{"valueMac":{"type":"Buffer","data":"WW5WVUK2tMHWmI6R/jhgsWT11sufVPhxJDETlPrfG2U="}},"S0jQOoThhUIe0RQVsRWoHi6F9ncWLhd6gb9ibJCxYI8=":{"valueMac":{"type":"Buffer","data":"ZJ/GSoBrBOo6RFAjz213k5L3GqAvHnB8a4XOoTtHod4="}},"oJ6678OEFJXnjS2uL4hOQl8hKoi8WqJ9bIhDYJUTjwI=":{"valueMac":{"type":"Buffer","data":"WWv5z6TjP1EXlD8ufW9nE3oL80X/NEstUjdCqc55s9o="}},"Z/TlRfDQ9TXB1vEEGBU9o7u07P6U5NiqvXKRGovQ3Kg=":{"valueMac":{"type":"Buffer","data":"L5obuYpjHEnUehrGdyKGgrcsF2Fr1hsPR2r7vBLhBJw="}},"mdnvXawg5xv0ztIewRevEIH+a2dazPcCeVMax7+2UaE=":{"valueMac":{"type":"Buffer","data":"qOehOmYB2vB4nEYmT9nKpTnxGYQZSn7bwYWDqtox3Iw="}},"5F+EXuyaXtVEWZWU9TSpbOmwl3X/Qz+nFYrweZbuTkc=":{"valueMac":{"type":"Buffer","data":"RzVR7RPscYVwISnD/x4FyhzcuSX+8BuIL7i7hEzNk4k="}},"zTUtQY1SGtA8VPmALQLaByqTIuzoO8rzIeC26rcn118=":{"valueMac":{"type":"Buffer","data":"mxZHHH9yPV4TER8pX/f0chZi4/tNAMPN+2jfw8SRyYI="}},"TbO2kglG6nOJCliy2Dd+qN+/lZ8P9lFPk/Uo2r896pY=":{"valueMac":{"type":"Buffer","data":"a+8DKtrqiuKX9WDIVJcwpEqeSOweVgssx7t5JPxGDnY="}},"V/wvxI514zM7zO35RAR0mHr9K3s6Z7Ju9yzvodmmsDE=":{"valueMac":{"type":"Buffer","data":"CPohbvsBMENmId4pzMdepJxRWJXjwGDftGavQEO+iRs="}},"UiM+N77ajx2wiyjE4DJaXNneI3wyPKfQfeA40SbLQKA=":{"valueMac":{"type":"Buffer","data":"QZ1uGLCfQ5RqY0Wpj3PgzSFA/f0hBQvxNHu2qI63AJQ="}},"x6vOI6TVWa4Mie6i+ILe2TFk7aZMdeJEeHBSdv3NE2o=":{"valueMac":{"type":"Buffer","data":"7LdAetzpq6nUTt49zoqKFHbJu4XNMPdeIsdh1HtqB6o="}},"1mRhmwBsRStbsho4jXWAqdwf397LURLZd5J2eypaHhM=":{"valueMac":{"type":"Buffer","data":"kkupD2I0Hies0jL4SnTKx20Wr47RmLO6v/IUPkOi0gY="}},"5O8XrMfk2Iwu2nr4DiDFQ1yIYlJ7ciJhDUkSbXBrhxQ=":{"valueMac":{"type":"Buffer","data":"eze22HG4EiyDoF2Y+c5xkqZcx8kf+UWVaUU8jSLbn6U="}},"RSIJaqip0qWLxlVfmkFOKjvrDskhg/TEhnoONiqhrQI=":{"valueMac":{"type":"Buffer","data":"TOuJO3Fd8Q+rWbL60fZ8BB+Tveoc2grq/uJEPk/IfyU="}},"Dlcw5CSAHQNzEKPBVJKybyyx9mMMLQ2GZ1wTTMqVpiQ=":{"valueMac":{"type":"Buffer","data":"9MhmEI2X5p6zuHUxfpi5XpMvTo5/9R11ubL5xgM+AuA="}},"ZfxRXqs5NMnoBhkOojGagtTSQPARmhbN/95e4UbxOB0=":{"valueMac":{"type":"Buffer","data":"OJMglus7ckoBtrh8Nunmo6/RkdyPEM39l1zpfKtlkow="}},"m7owvV6sh9YnmTCWbBf+4rl2pdZdgLhHlXwNbRDSJCY=":{"valueMac":{"type":"Buffer","data":"eyT/SMeVoWnixJcZfXz05/v5/iGdH2OoRYJV/E7d8OE="}},"32CrCns9SnB0yBRl7DjTpwL4+TPQdlGgNauHgrA83U0=":{"valueMac":{"type":"Buffer","data":"yWp6OFODMY5jVW6zlweh1Cr1ysDiurD0K5K7IbqAtm8="}},"ijjLRpaxJXE9HBqi1UlIbKoSOAq91Iohk6HpLuY2z8E=":{"valueMac":{"type":"Buffer","data":"a7b2tA1K7/ApkuuqHQFyeKA1UbdA/vDEF2/8/ZoyOWw="}},"oPb0RLbPkDKeyB2c3mQ9bon+gtrO1bJMTy8ci8LyMP0=":{"valueMac":{"type":"Buffer","data":"1iarV3AUjS6YwsqVrev+uUg5GPSv0IkrBqxjBr7x2pI="}},"mVr0FVBSFVmOPWHcJ9UK+IhmKB+3xZ7i3Wi5n4oIN5I=":{"valueMac":{"type":"Buffer","data":"yk8qu0nBGFDhqLxIslLbX6r15STq4qpR7qvx50ODPtg="}},"DQztam370FKSLqJEP11XEzHblKDx0KjfYnt4taDjU3s=":{"valueMac":{"type":"Buffer","data":"2yS86oEe03YD34I/fSXwdCR96KySq3ipiUkpd787tAY="}},"iXkEYS5PE0Cns3vRF7g2lmZLJMtee4SPa9F/ct/ZyPk=":{"valueMac":{"type":"Buffer","data":"WjzDKnO2SaMyhKr4hm8vi2TgEMuvPDGIjL3uG31LuSs="}},"Hj3mc8j//pPFa1AC9w11TXhfhQjyLD99gbIRejjU/gs=":{"valueMac":{"type":"Buffer","data":"qxT1tIJPVzT5UjiQSDKWXypLSByvl941qAYsOJYu1RQ="}},"vDr7kOJLw26LDxraeImWFTy5T9f5k/T6OTOCxXdja1I=":{"valueMac":{"type":"Buffer","data":"N1PGVXduvBpav5+SZvrSPcrQDks3kMAcEjMQzbKewq4="}},"s5mxtxv7+bgzbsjAiITFMFUJfwZFJQbc0Emcvd1dZhc=":{"valueMac":{"type":"Buffer","data":"moh8VhjMb9+x+odHXeBgdfMjxKJcrDi4w+f/M06tfyY="}},"ZvIpsFIhcMnIpJkVnl+Xb5I2TJVdyca2033kiFkmtHo=":{"valueMac":{"type":"Buffer","data":"rOmtg/oTcvQU/VP0zd3h+DpVTl6OtCruF/d0mCrajvs="}},"jnrhVuBxFqBrB2rB4OfEBArSoNcg6PmOlzZswC5QlQk=":{"valueMac":{"type":"Buffer","data":"DfQAD6agpkaKc9D34CmMh2kCZVwmcSP3+MlHsUsLtSc="}},"W+wpEC/sBf/7FGMlyorEgiFmJpjCsHy2p3zL3+z6C7k=":{"valueMac":{"type":"Buffer","data":"8/JDJaVzfVSqzw2inPJArepBvLUDMmp8l+iBdl1fMhU="}},"EGvL/nBlDLgGL/h2id1AAjfyNRYCw3rkSZJDJy11d2g=":{"valueMac":{"type":"Buffer","data":"SKNChPHoqiyZJgxwserjj2XNMKqzBvHvlATuAeD6ibk="}},"m4s+6TmHl0iclq4J2wWa+p6B4+t7sTy1dWGAty/H2Oo=":{"valueMac":{"type":"Buffer","data":"xQKyXHOcwQqFA4KPWVlPdUmzwthowwN6FZHKSOzdm6k="}},"XHaKMDV1kQp3q9GJWi9xrpviZBidVMeB8Clkfdlacqs=":{"valueMac":{"type":"Buffer","data":"E7/HDATD8a+cWpGlwh6KWSBhAIHsdDK5ciPeA++9QhE="}},"LC8Zq/BYBfTI3JhsHL/zKf0lWDIXmvLWaFIB47s6lZw=":{"valueMac":{"type":"Buffer","data":"sQkDpvyNyeuCBXolDUTH/LqAyhqqByNuIYnzjLnMhi0="}},"kDHv9IRSYPyiwlKQAnaYId+rRB4AZEJKKX8AzLi6h2k=":{"valueMac":{"type":"Buffer","data":"59QIUt9wAS0TcrCgjA4GKWvckm92wELQcPtN/Sv8sNs="}},"FQ0u/QP3v7znPa4K4hv9PnMNMSqxBScN5n4os5Nxtdo=":{"valueMac":{"type":"Buffer","data":"gZw53B292ipnokfE5YuN8niWCH48pTdyRVa1bZuCc0A="}},"xXvKcRSzhpMSuWBgTWppRc/+iUum5Y3H0jVaTxShyX4=":{"valueMac":{"type":"Buffer","data":"NGOOfHnoPK+f9UCDQk+IwsPskJOdJ2qHwbhU6svFVCo="}},"JbI4b6UXSAt7s8Kn2KrjYp9KKBqmxrAXUIqNgXvqKlo=":{"valueMac":{"type":"Buffer","data":"LFyf4P2SzHJc6ZOsaHs4YQRl1OYeAuXC/T2OyG9UJDg="}},"d1bgf2mH/TYjI0GqFxXH2c6qRfCaJy7TJF6WwnHK0v8=":{"valueMac":{"type":"Buffer","data":"qDNJawSWGdxQaf08jiamzrLLHz7pmroS7FYac0nf650="}},"zUtiqU5++xWz/622xdqsy6KAOnyByr+8f8XK2/XG1O0=":{"valueMac":{"type":"Buffer","data":"TwKJ5GVXBfHMtD+cNnYLphnKtld+RF39cGC1V+kmSEI="}},"HnCn76EKcC7ImHQZ4BausVe197ACqSuFi3GFEWLFY9Y=":{"valueMac":{"type":"Buffer","data":"bidy6L5+27RHv/0W1rQuIxglztcjaYVCpWAGc2vvN1g="}},"n4wtXfMWRIBtMx1yIErQjUcSxOb2i+scf3TEGCbK96Q=":{"valueMac":{"type":"Buffer","data":"/Uyma1KHISWITUti4iLm+9kB0+0dJ+sh0IFUPMrSV2g="}},"mPZhzbk/b1D/3Awcsi5dfGUTDlhfexXqjYUzNxNiHjY=":{"valueMac":{"type":"Buffer","data":"k0Y8bmTQrFNbZ8sT90CfBrBilI86B1hcXXVGxfJINfg="}},"NHrNP76KP9GDe7gIAVoIy9uAV/AJ5+sJDGNb69AlfJ8=":{"valueMac":{"type":"Buffer","data":"BfHBVQVSM3O9xESLd6yT3VteBLkD+3tJKR23NxGLtig="}},"o5Ur3ITTS/unVmLr+qDRoWpfXsPk2Mgz9wRSUvKu1vE=":{"valueMac":{"type":"Buffer","data":"t31sgKeV7DZywhJZl04z+n4iQPMLppE7/EvPPtjmCGA="}},"pP0AB9yZIWro6EM6PbWxppm68QmKl1sBsfzO/VhglJU=":{"valueMac":{"type":"Buffer","data":"6oiTLbzNjwfHKnAjb2DM6d5j8yYEFx3DaYQgCZ+Wzbw="}}}}