{"version":2,"hash":{"type":"Buffer","data":"L9I/QfDAlICN9+Om9nhlliBTrw241L0Q92BpsN+5Vtt6al+8yOFG0tBOea40POMVYuiYBY7Rwu02p3oDMkKWRHcOfrnYK6TstC1feisAAlsN//BjTvKYfDDdcFBjDMItsvg9Zu6ul43IcxaJYQ/tvg3rYlyuV+oZmX8p7ggC5w8="},"indexValueMap":{"jLm5qHCxUMJqcUaXuhjJtM/6y5K/YLzrL3YDl+B16sw=":{"valueMac":{"type":"Buffer","data":"qz+JOPGNcG1JAXIM2jdO9ukID6EkQ3bdYAYHb5QK5Ts="}},"WMVVwxkgX1cs/TwHWD05sCHSJ6MgSTmW78qLtZfLO8c=":{"valueMac":{"type":"Buffer","data":"sCnX/TZQ/24LNvoY8KhFcIcVWHr/U70gWis/i+hWZaA="}}}}