{"noiseKey":{"private":{"type":"Buffer","data":"iLt64hSGZ4ltbz1+OtEcxES2+PwKnQN3zDXp59lA618="},"public":{"type":"Buffer","data":"nWFiDQdQnnrsY6ya24SA/WVP9kZGL0FuUaV9n0LtyH0="}},"signedIdentityKey":{"private":{"type":"Buffer","data":"8LF6Qbvs2SRfJBxPlXxMBAqU22l0538Q7G3XwpjBwn0="},"public":{"type":"Buffer","data":"BGndZxmT3octkegMcyNJ7Hg9Sk+CPbRuaguSleiUDXE="}},"signedPreKey":{"keyPair":{"private":{"type":"Buffer","data":"eEWZFDx2vEBac02X/jRXT9YMci8kcX2g0n9x7lnkfGw="},"public":{"type":"Buffer","data":"v1DTxRnrY4G5TpepSD73y9VI/M79JUBDGA4j7hi9fwQ="}},"signature":{"type":"Buffer","data":"TYmV2ZxZEMKvoamAroYYccAfYBI8JsTTCUOHf1WEQ+6Lii5ON7ao4AhgkscylOYMdZG8fbGO4aXDjJyTQqPSDg=="},"keyId":1},"registrationId":67,"advSecretKey":"RN3tcUnu7jhMf/1S6yw3Xe1/9u4MCcpMxVsFmOu3Yhc=","processedHistoryMessages":[{"key":{"remoteJid":"6285962621662@s.whatsapp.net","fromMe":true,"id":"A92474BD599414156E2B1E13035BA166"},"messageTimestamp":1682595995},{"key":{"remoteJid":"6285962621662@s.whatsapp.net","fromMe":true,"id":"955528EACB36099C500B397FCC62EE41"},"messageTimestamp":1682595996},{"key":{"remoteJid":"6285962621662@s.whatsapp.net","fromMe":true,"id":"0EE31A5AEDBCB40629FCB2C9A15A2012"},"messageTimestamp":1682595997}],"nextPreKeyId":38,"firstUnuploadedPreKeyId":38,"accountSyncCounter":1,"accountSettings":{"unarchiveChats":false},"account":{"details":"CKvvxLICEJbBqaIGGAE=","accountSignatureKey":"RqFZCP5CT8A0W2bi/pdUbFFJSD06cek8skiEGE7TJUE=","accountSignature":"HjsBv2+eMOYNhat4x90lN72LJVtmiBYaj+5Uqsdq+e50dA9A0xnK28UXyJEG+rAvJ9gcq5aL9Y/jGY5QzogvBg==","deviceSignature":"mUFkjm5j40KKTt9xZdFlMuWl5IIGlppBu88KikeR8nATjc//JuNQglra89hkONE+CqfTVALwlBy/yn5OkO13AA=="},"me":{"id":"6285962621662:1@s.whatsapp.net","name":"Bot YUS"},"signalIdentities":[{"identifier":{"name":"6285962621662:1@s.whatsapp.net","deviceId":0},"identifierKey":{"type":"Buffer","data":"BUahWQj+Qk/ANFtm4v6XVGxRSUg9OnHpPLJIhBhO0yVB"}}],"platform":"android","lastAccountSyncTimestamp":1682595994,"myAppStateKeyId":"AAAAAJbx"}