{"_sessions":{"BSPByvcLR/WozXaADW4HaMQQoNYrpCqEb2Co/hfjuRIZ":{"registrationId":472529236,"currentRatchet":{"ephemeralKeyPair":{"pubKey":"BXjPf3CX3M0Pv934dWFLhxsyaHrZkBQDid2S2H5+y6Ue","privKey":"QFgiVtcqnfns0GyU/zTL/i7YOxIsHYOe5gHGWqJKgEs="},"lastRemoteEphemeralKey":"BWhlj0sIati3zNX5Y+fTCXJiNB0B50EiLTZy+eUkV6FX","previousCounter":-1,"rootKey":"Cnf7i4KZI8phek3JpV3o1oJva2ujhnBU6S84TcfxiA0="},"indexInfo":{"baseKey":"BSPByvcLR/WozXaADW4HaMQQoNYrpCqEb2Co/hfjuRIZ","baseKeyType":2,"closed":1682660350139,"used":1682660158419,"created":1682595995660,"remoteIdentityKey":"BUahWQj+Qk/ANFtm4v6XVGxRSUg9OnHpPLJIhBhO0yVB"},"_chains":{"BdMW/GFu0GrAqRYOpem8G1McWjrr0ukaKpb83rQ09AQC":{"chainKey":{"counter":8},"chainType":2,"messageKeys":{}},"BRhLjLqweCixK2P6K6ichIfhY4JnpniDTMeKFoXyoXNj":{"chainKey":{"counter":0},"chainType":2,"messageKeys":{}},"BWGiHpzy8ECfCagjdMqsO+mLlwnS2pcVPiTnaDZN40Zp":{"chainKey":{"counter":4},"chainType":2,"messageKeys":{}},"BRWgIfXGjYQfpycnKbQW/OE2+m1J6AUASUxiB2pMbfF+":{"chainKey":{"counter":0},"chainType":2,"messageKeys":{}},"BdI3GmkJmeJOKCuHR35MRRyVMTwzJDIfgivpb0XH53Bk":{"chainKey":{"counter":0},"chainType":2,"messageKeys":{}},"BXCro8bRxMEdz5UNWQd8dM6+bX7UBA7QpCKW5CTK48Rz":{"chainKey":{"counter":0},"chainType":2,"messageKeys":{}},"BZrQoNNnlW9GbZEC9EHxVfSFHZzMisnp3EcFp/Lo79RE":{"chainKey":{"counter":2},"chainType":2,"messageKeys":{}},"BUtzfuZFaxLc4CDZWABvPfxrLDY38jiwztinAvZ1NlMT":{"chainKey":{"counter":1},"chainType":2,"messageKeys":{}},"BUnXMnJ0HTzAKqQQn5ulCLpw47bHBZQ61nSUL2jJyZEW":{"chainKey":{"counter":0},"chainType":2,"messageKeys":{}},"BcF9Pu3mdAmJqEgiAD49wbdvw64u/3qQjriXXs3Dkkd2":{"chainKey":{"counter":0},"chainType":2,"messageKeys":{}},"BQFG1ghQQ/St1G9kyJGKMHe4QC3g3UD0bI7KUs2mmt8S":{"chainKey":{"counter":3},"chainType":2,"messageKeys":{}},"BQ2b1rUpg9epuEBdBp646KPt5GyDxfs3OEKlu6Qkx48f":{"chainKey":{"counter":3},"chainType":2,"messageKeys":{}},"BYyNszNKknjUlSsKLTTP6n8JOZ2KhtJhQZjnW9UlNko7":{"chainKey":{"counter":0},"chainType":2,"messageKeys":{}},"Bbzp0ygUTj1QWCl5wI0/8fL/m1C4qpv2YE4Pk5qje/sd":{"chainKey":{"counter":5},"chainType":2,"messageKeys":{}},"BQkdFwVz1H/6HMyoALN6CrBr8dTLAVLZvzwHnfWivdVb":{"chainKey":{"counter":0},"chainType":2,"messageKeys":{}},"BW3hDvhYvXZO5R7Xmm4jYChIj6Dic3lDe82IZVAKyfpW":{"chainKey":{"counter":0},"chainType":2,"messageKeys":{}},"BexLMZpam+vXwikcOhP8IxiiDeZI2Ih0tUCkOFKV0C46":{"chainKey":{"counter":1},"chainType":2,"messageKeys":{}},"BfvE8joJOfESiHVexeVlREzzheRpNH477VUHkOT9qN9s":{"chainKey":{"counter":0},"chainType":2,"messageKeys":{}},"BWeVgwBfXni8bewUKZzmIZgEx5rEZ7dHkZJZOtc8m3J7":{"chainKey":{"counter":0},"chainType":2,"messageKeys":{}},"BWY+x9PefoB3IDT0n8jwcqo+0zl83e7IKXJ7dU55paZs":{"chainKey":{"counter":0},"chainType":2,"messageKeys":{}},"Bb+fH1qzCkKbstSSPGVQhTIkX77Qek+HDy0yKsio4gVd":{"chainKey":{"counter":0},"chainType":2,"messageKeys":{}},"Bau4Gxnhox1mNnYMujQoDTUgIgknIMrlPNLNQiasovJ7":{"chainKey":{"counter":0},"chainType":2,"messageKeys":{}},"BTsDgXts5cE40JJqjmj1U8ayR+vqG4KMCHwZCQCRlqok":{"chainKey":{"counter":1},"chainType":2,"messageKeys":{}},"BWUPXmOhHQ4L5TepLmp53eB6JIOzBp4qcwLRdFtfr+9u":{"chainKey":{"counter":0},"chainType":2,"messageKeys":{}},"BfiF5DwXwjCfTIfLtDPjWNhLbsYX9h0GUoCrt6fTywME":{"chainKey":{"counter":0},"chainType":2,"messageKeys":{}},"Bd6/UwrL4qJSWImwrreyzrDAIs35zqWTbs8s3vZoLZAT":{"chainKey":{"counter":1},"chainType":2,"messageKeys":{}},"BSIT8du1FRvTDmL4jADfYNO66raxXU2eBJozy/k7jFto":{"chainKey":{"counter":0},"chainType":2,"messageKeys":{}},"BfuR8OocBE4nCSVbuD1Kmh8jmHeTFhqAUBnuijBo/Hti":{"chainKey":{"counter":0},"chainType":2,"messageKeys":{}},"BXXU0uPDqGW9qIwFZ6YFOYUiwu/O4fqHDy4izG2nLLNC":{"chainKey":{"counter":0},"chainType":2,"messageKeys":{}},"BQyxHxRDTNWmpuWZe9kUo5m24OgCOgILU+swREgtsd9x":{"chainKey":{"counter":0},"chainType":2,"messageKeys":{}},"Be035U+Fk+kgZBYyl64ozOvo+bf1Do6i6/LKF7dCf1Rp":{"chainKey":{"counter":0},"chainType":2,"messageKeys":{}},"BWhlj0sIati3zNX5Y+fTCXJiNB0B50EiLTZy+eUkV6FX":{"chainKey":{"counter":0,"key":"nU7GJqJtx4oMxYqC7szfHglc8j8mnabcoemGomx1Fq4="},"chainType":2,"messageKeys":{}},"BXjPf3CX3M0Pv934dWFLhxsyaHrZkBQDid2S2H5+y6Ue":{"chainKey":{"counter":1,"key":"y0a7xrorepZ84eUdLs4BFPtygBnggXotD064UPx2fE0="},"chainType":1,"messageKeys":{}}}},"BcyFaEtR5yP83KHv5ncIYhwnFk/JFo2JGGH02FXZobg6":{"registrationId":472529236,"currentRatchet":{"ephemeralKeyPair":{"pubKey":"BXlfpOM7KQZ9P4lNjViWXDA6GttVB7PQYLA98WUH0uJK","privKey":"uPXLRLO7iYaeRoJCMB/z/Wy9TNWUfrdZv3jGajHsNEg="},"lastRemoteEphemeralKey":"BURgjrYXD7E5iEr7Rzx2BgBe3tnqY2EgHUxPtvxXvQcp","previousCounter":0,"rootKey":"CvXBGPnoQxVXAvNNp6bUVQxjij3+DgTbQPCsSu34jY4="},"indexInfo":{"baseKey":"BcyFaEtR5yP83KHv5ncIYhwnFk/JFo2JGGH02FXZobg6","baseKeyType":2,"closed":-1,"used":1682670735359,"created":1682660350141,"remoteIdentityKey":"BUahWQj+Qk/ANFtm4v6XVGxRSUg9OnHpPLJIhBhO0yVB"},"_chains":{"BbGCHsvcqMCgWoHwqQorjq0DzsO+mLHFNjeANlAosp1J":{"chainKey":{"counter":0},"chainType":2,"messageKeys":{}},"BcyEkc0Fp0L/Bw69avGcbkM2z6B6ia9db2+5cG3nCSQr":{"chainKey":{"counter":0},"chainType":2,"messageKeys":{}},"BQg+e/XYw/UPfCXh2NFmAE+aUswjzWuIQEL/OipDjEN2":{"chainKey":{"counter":0},"chainType":2,"messageKeys":{}},"BURgjrYXD7E5iEr7Rzx2BgBe3tnqY2EgHUxPtvxXvQcp":{"chainKey":{"counter":0,"key":"bZ4FnLjZA84AzF0JpDEGOGORaGq03YTRxo0XmWqAxdk="},"chainType":2,"messageKeys":{}},"BXlfpOM7KQZ9P4lNjViWXDA6GttVB7PQYLA98WUH0uJK":{"chainKey":{"counter":0,"key":"3xZak6txFEe2FAaCekX+Ot9iEsUgq01+dJXl7b0jSUI="},"chainType":1,"messageKeys":{}}}}},"version":"v1"}